method,query_id,query,rank,pmid,title,score,url,relevance
tfidf,1,shortness of breath chest tightness,1,42158705,Clinical characteristics and prognostic factors influencing respiratory syncytial virus pneumonia in children with atopy: a retrospective cohort study.,17.175665453679173,https://pubmed.ncbi.nlm.nih.gov/42158705/,2
tfidf,1,shortness of breath chest tightness,2,42207455,Asthma daytime and nighttime symptom diaries: content validity and qualitative exploration of meaningful change in patients with moderate-to-severe asthma.,8.620557552371846,https://pubmed.ncbi.nlm.nih.gov/42207455/,2
tfidf,1,shortness of breath chest tightness,3,42181381,Atraumatic Transdiaphragmatic Intercostal Hernia Following a Coughing Spell: A Case Report.,8.361334721868651,https://pubmed.ncbi.nlm.nih.gov/42181381/,1
tfidf,1,shortness of breath chest tightness,4,42192344,Diagnosis and management of mixed Chlamydia abortus and psittaci pneumonia guided by metagenomic next-generation sequencing: a case report.,7.563935931082481,https://pubmed.ncbi.nlm.nih.gov/42192344/,2
tfidf,1,shortness of breath chest tightness,5,42175403,Mycobacterium avium complex pulmonary disease in rheumatoid arthritis-associated interstitial lung disease under non-biologic immunomodulatory therapy: A case report.,6.321076133373321,https://pubmed.ncbi.nlm.nih.gov/42175403/,1
tfidf,1,shortness of breath chest tightness,6,42181565,Construction of a nomogram combining CT and serum markers for predicting macrolide resistance gene mutation status in pediatric Mycoplasma pneumoniae pneumonia.,5.8755834087044665,https://pubmed.ncbi.nlm.nih.gov/42181565/,2
tfidf,1,shortness of breath chest tightness,7,42200999,"Chronic Obstructive Pulmonary Disease and Asthma Among Workers and Residents of Navanakorn Industrial Zone, Thailand.",4.418405044980326,https://pubmed.ncbi.nlm.nih.gov/42200999/,2
tfidf,1,shortness of breath chest tightness,8,42185817,Inspiratory capacity and inhalation techniques evaluated and training by digital therapy comprehensive management platform in COPD patients.,4.192780646602041,https://pubmed.ncbi.nlm.nih.gov/42185817/,1
tfidf,1,shortness of breath chest tightness,9,42158656,"Asthma: onset at young, persist when grow up.",3.542372934453549,https://pubmed.ncbi.nlm.nih.gov/42158656/,1
tfidf,1,shortness of breath chest tightness,10,42205504,Breath-by-breath: unmasking cardio-respiratory conditions through capnography waveforms - the general breathing record study.,3.3827090257848185,https://pubmed.ncbi.nlm.nih.gov/42205504/,2
tfidf,2,persistent cough wheezing asthma,1,42161543,"Association of early-life human rhinovirus and respiratory syncytial virus infections with childhood asthma: a cohort study in Suzhou, China.",7.492163347393703,https://pubmed.ncbi.nlm.nih.gov/42161543/,2
tfidf,2,persistent cough wheezing asthma,2,42181106,Efficacy of Adding Intravenous Methylprednisolone to Nebulized Budesonide in RSV Pneumonia: Modification by Bacterial Co-Infection - A Retrospective Cohort Study.,7.326397981199403,https://pubmed.ncbi.nlm.nih.gov/42181106/,1
tfidf,2,persistent cough wheezing asthma,3,42194236,"Severe Asthma Exacerbations in the Pediatric Intensive Care Unit: Clinical Profile, Management, and Outcomes-Retrospective Study.",6.815714815782161,https://pubmed.ncbi.nlm.nih.gov/42194236/,2
tfidf,2,persistent cough wheezing asthma,4,42207455,Asthma daytime and nighttime symptom diaries: content validity and qualitative exploration of meaningful change in patients with moderate-to-severe asthma.,6.189763038299311,https://pubmed.ncbi.nlm.nih.gov/42207455/,2
tfidf,2,persistent cough wheezing asthma,5,42158373,RSV-infected children with mixed infections: clinical features and early predictive indicators of codetection with Streptococcus pneumoniae and Haemophilus influenzae.,5.799400550964754,https://pubmed.ncbi.nlm.nih.gov/42158373/,1
tfidf,2,persistent cough wheezing asthma,6,42213688,Assessment of knowledge on self-management and level of asthma control among patients attending a tertiary care center in Nepal: A cross-sectional study.,5.7338420501244745,https://pubmed.ncbi.nlm.nih.gov/42213688/,2
tfidf,2,persistent cough wheezing asthma,7,42158656,"Asthma: onset at young, persist when grow up.",5.627464093641891,https://pubmed.ncbi.nlm.nih.gov/42158656/,2
tfidf,2,persistent cough wheezing asthma,8,42198667,Persistent Olfactory Dysfunction Three Years After COVID-19: A Multicenter Observational Study.,5.582635123109833,https://pubmed.ncbi.nlm.nih.gov/42198667/,0
tfidf,2,persistent cough wheezing asthma,9,42158776,Actinomyces graevenitzii Detected in a Case of Endobronchial Actinomycosis Caused by Foreign Body Aspiration: A Case Report.,5.471689656170849,https://pubmed.ncbi.nlm.nih.gov/42158776/,0
tfidf,2,persistent cough wheezing asthma,10,42181567,"Association between a four-locus gene model including IL13, IL4, FCER1B, and ADRB2 and asthma outcomes.",5.418929193489512,https://pubmed.ncbi.nlm.nih.gov/42181567/,2
tfidf,3,fever cough pneumonia,1,42175396,Clinical characteristics and predictors of Mycoplasma pneumoniae pneumonia coinfection with Bordetella pertussis in children.,11.873535381553872,https://pubmed.ncbi.nlm.nih.gov/42175396/,2
tfidf,3,fever cough pneumonia,2,42157124,"Prevalence, associated factors and treatment prescriptions for community-acquired pneumonia: a cross-sectional study at the largest children's hospital in the Ashanti Region, Ghana.",7.751483061691446,https://pubmed.ncbi.nlm.nih.gov/42157124/,2
tfidf,3,fever cough pneumonia,3,42157039,Clinical and phenotypic characteristics of chronic cough patients without sputum eosinophilia.,7.339995221065176,https://pubmed.ncbi.nlm.nih.gov/42157039/,2
tfidf,3,fever cough pneumonia,4,42182805,A pilot study on the relationship between temperature and humidity and the detection of basidiomycetes in sputum from patients with chronic cough in the Nagasaki region.,6.763042724314555,https://pubmed.ncbi.nlm.nih.gov/42182805/,2
tfidf,3,fever cough pneumonia,5,42192344,Diagnosis and management of mixed Chlamydia abortus and psittaci pneumonia guided by metagenomic next-generation sequencing: a case report.,5.370059313248314,https://pubmed.ncbi.nlm.nih.gov/42192344/,2
tfidf,3,fever cough pneumonia,6,42181106,Efficacy of Adding Intravenous Methylprednisolone to Nebulized Budesonide in RSV Pneumonia: Modification by Bacterial Co-Infection - A Retrospective Cohort Study.,5.370059313248314,https://pubmed.ncbi.nlm.nih.gov/42181106/,2
tfidf,3,fever cough pneumonia,7,42182623,Risk factors associated with plastic bronchitis in children with severe Mycoplasma pneumoniae pneumonia: a systematic review and meta-analysis.,5.316923420314436,https://pubmed.ncbi.nlm.nih.gov/42182623/,2
tfidf,3,fever cough pneumonia,8,42211619,Pulmonary Mucormycosis Presenting as Rapidly Progressive Cavitary Pneumonia and Lung Abscess in a Patient With Type 2 Diabetes Mellitus and a Solitary Functioning Kidney: A Report of a Rare Case.,5.271564959442181,https://pubmed.ncbi.nlm.nih.gov/42211619/,2
tfidf,3,fever cough pneumonia,9,42158683,A case report of X-linked agammaglobulinemia complicated with necrotic pneumonia.,5.271564959442181,https://pubmed.ncbi.nlm.nih.gov/42158683/,2
tfidf,3,fever cough pneumonia,10,42211704,"Genetic and epidemiological characteristics of the spread of human metapneumovirus in Bulgaria, 2023-2025.",5.132744964599642,https://pubmed.ncbi.nlm.nih.gov/42211704/,0
tfidf,4,pulmonary fibrosis breathing difficulty,1,42201061,Task-Evoked Pupillary Dynamics Are Altered in Post-COVID Syndrome.,10.17573990602421,https://pubmed.ncbi.nlm.nih.gov/42201061/,0
tfidf,4,pulmonary fibrosis breathing difficulty,2,42182718,Copanlisib ameliorates pulmonary fibrosis by modulating cellular autophagy through PI3K/Akt/mTORC1 pathway.,7.396656442875894,https://pubmed.ncbi.nlm.nih.gov/42182718/,2
tfidf,4,pulmonary fibrosis breathing difficulty,3,42204838,Multi-omics reveals a novel Cxcr4(+) subpopulation of alveolar macrophages and therapeutic effect of AMD3100 in mice with advanced silicosis.,6.65626750113165,https://pubmed.ncbi.nlm.nih.gov/42204838/,0
tfidf,4,pulmonary fibrosis breathing difficulty,4,42174588,Doublecortin-like kinase 1 promotes fibroblast activation and fibrotic progression through Smad3 binding in idiopathic pulmonary fibrosis.,6.016485404752068,https://pubmed.ncbi.nlm.nih.gov/42174588/,2
tfidf,4,pulmonary fibrosis breathing difficulty,5,42210244,Exploring the role of RCEO in macrophage-mediated modulation of pulmonary fibrosis.,5.7372297580896205,https://pubmed.ncbi.nlm.nih.gov/42210244/,2
tfidf,4,pulmonary fibrosis breathing difficulty,6,42196173,"Diagnostic Usefulness of SP-D, CCL2/MCP-1, and IL-18 in Assessing Respiratory Function and Risk of Pulmonary Fibrosis in COVID-19 Patients.",5.675311072109642,https://pubmed.ncbi.nlm.nih.gov/42196173/,2
tfidf,4,pulmonary fibrosis breathing difficulty,7,42198516,MFN2 Overexpression Attenuates Coal Dust-Induced Pulmonary Fibrosis by Modulating MAMs Integrity and Cell Apoptosis.,5.58130732396652,https://pubmed.ncbi.nlm.nih.gov/42198516/,2
tfidf,4,pulmonary fibrosis breathing difficulty,8,42195070,Holistic Management of Pulmonary Fibrosis: A Comprehensive Review.,5.490112740899463,https://pubmed.ncbi.nlm.nih.gov/42195070/,2
tfidf,4,pulmonary fibrosis breathing difficulty,9,42207455,Asthma daytime and nighttime symptom diaries: content validity and qualitative exploration of meaningful change in patients with moderate-to-severe asthma.,5.463246982215155,https://pubmed.ncbi.nlm.nih.gov/42207455/,1
tfidf,4,pulmonary fibrosis breathing difficulty,10,42205504,Breath-by-breath: unmasking cardio-respiratory conditions through capnography waveforms - the general breathing record study.,5.463246982215155,https://pubmed.ncbi.nlm.nih.gov/42205504/,2
tfidf,5,COPD chronic cough,1,42157039,Clinical and phenotypic characteristics of chronic cough patients without sputum eosinophilia.,19.44947701950637,https://pubmed.ncbi.nlm.nih.gov/42157039/,2
tfidf,5,COPD chronic cough,2,42182805,A pilot study on the relationship between temperature and humidity and the detection of basidiomycetes in sputum from patients with chronic cough in the Nagasaki region.,13.13263902248148,https://pubmed.ncbi.nlm.nih.gov/42182805/,2
tfidf,5,COPD chronic cough,3,42182777,"Rapid decline in lung function is associated with more chronic respiratory symptoms, more severe small airway dysfunction and lung structural changes.",8.71142261757722,https://pubmed.ncbi.nlm.nih.gov/42182777/,2
tfidf,5,COPD chronic cough,4,42199172,Program-Specific Podcasting as a Supplemental Learning Tool for Subspecialty Fellows.,7.775176250200431,https://pubmed.ncbi.nlm.nih.gov/42199172/,0
tfidf,5,COPD chronic cough,5,42180826,The possible mechanisms linking chronic obstructive pulmonary disease and coronary atherosclerosis based on coronary computed tomography angiography and animal experiments.,4.034447011094055,https://pubmed.ncbi.nlm.nih.gov/42180826/,2
tfidf,5,COPD chronic cough,6,42204658,"Impact of CKD and COPD co-existence on mortality, vascular dementia, and Alzheimer's dementia; a comparative cohort study.",3.9623632307250434,https://pubmed.ncbi.nlm.nih.gov/42204658/,2
tfidf,5,COPD chronic cough,7,42159657,Peripheral Blood Inflammatory Markers and Immune Cell Profiles in Smokers With and Without COPD.,3.7864551276497007,https://pubmed.ncbi.nlm.nih.gov/42159657/,2
tfidf,5,COPD chronic cough,8,42163317,"Cardiorespiratory fitness, genetic susceptibility, and the risk of chronic obstructive pulmonary disease: findings from observational and two-sample bidirectional Mendelian randomisation analyses.",3.775422209252781,https://pubmed.ncbi.nlm.nih.gov/42163317/,2
tfidf,5,COPD chronic cough,9,42175396,Clinical characteristics and predictors of Mycoplasma pneumoniae pneumonia coinfection with Bordetella pertussis in children.,3.77529386085876,https://pubmed.ncbi.nlm.nih.gov/42175396/,1
tfidf,5,COPD chronic cough,10,42180799,Longitudinal Spirometric Trajectory from Normal Lung Function to PRISm and COPD in a Population-Based Korean Cohort.,3.637131809984421,https://pubmed.ncbi.nlm.nih.gov/42180799/,2
tfidf,6,bronchitis mucus cough,1,42198355,Mucoactive Agents in Muco-Obstructive Lung Diseases: A Critical Reappraisal of Pharmacological Effects and Clinical Outcomes.,8.63491300483776,https://pubmed.ncbi.nlm.nih.gov/42198355/,1
tfidf,6,bronchitis mucus cough,2,42180443,"The impacts of air pollution on daily hospitalizations for acute bronchitis in children: a perspective from the coastal city of Shantou, China.",6.542436748220152,https://pubmed.ncbi.nlm.nih.gov/42180443/,2
tfidf,6,bronchitis mucus cough,3,42158776,Actinomyces graevenitzii Detected in a Case of Endobronchial Actinomycosis Caused by Foreign Body Aspiration: A Case Report.,5.868216697259296,https://pubmed.ncbi.nlm.nih.gov/42158776/,0
tfidf,6,bronchitis mucus cough,4,42157039,Clinical and phenotypic characteristics of chronic cough patients without sputum eosinophilia.,5.240530786040854,https://pubmed.ncbi.nlm.nih.gov/42157039/,2
tfidf,6,bronchitis mucus cough,5,42176270,FOXA1-mediated CEPT1 deficiency in airway epithelium drives asthma via an ER stress-mitochondrial dysfunction axis.,5.236904815644473,https://pubmed.ncbi.nlm.nih.gov/42176270/,1
tfidf,6,bronchitis mucus cough,6,42166638,Impaired mucociliary clearance in bronchiectasis: the result of a differentiation-delayed airway epithelium?,5.236904815644473,https://pubmed.ncbi.nlm.nih.gov/42166638/,1
tfidf,6,bronchitis mucus cough,7,42164058,"Small Airway Disease in Pre-COPD and Early COPD: Insights Into the Pulmonary ""Silent Zone"".",5.217553340526484,https://pubmed.ncbi.nlm.nih.gov/42164058/,1
tfidf,6,bronchitis mucus cough,8,42182805,A pilot study on the relationship between temperature and humidity and the detection of basidiomycetes in sputum from patients with chronic cough in the Nagasaki region.,4.8286044522705724,https://pubmed.ncbi.nlm.nih.gov/42182805/,2
tfidf,6,bronchitis mucus cough,9,42175396,Clinical characteristics and predictors of Mycoplasma pneumoniae pneumonia coinfection with Bordetella pertussis in children.,3.9113452188033166,https://pubmed.ncbi.nlm.nih.gov/42175396/,1
tfidf,6,bronchitis mucus cough,10,42211704,"Genetic and epidemiological characteristics of the spread of human metapneumovirus in Bulgaria, 2023-2025.",3.763640477632886,https://pubmed.ncbi.nlm.nih.gov/42211704/,0
tfidf,7,lung infection fever,1,42157124,"Prevalence, associated factors and treatment prescriptions for community-acquired pneumonia: a cross-sectional study at the largest children's hospital in the Ashanti Region, Ghana.",6.537478410839505,https://pubmed.ncbi.nlm.nih.gov/42157124/,1
tfidf,7,lung infection fever,2,42157123,Predicting societal risk factors for respiratory co-infections: a cross-sectional study based on multi-source fever clinic data.,6.342879304672824,https://pubmed.ncbi.nlm.nih.gov/42157123/,2
tfidf,7,lung infection fever,3,42175396,Clinical characteristics and predictors of Mycoplasma pneumoniae pneumonia coinfection with Bordetella pertussis in children.,6.2531181873134205,https://pubmed.ncbi.nlm.nih.gov/42175396/,1
tfidf,7,lung infection fever,4,42168872,Antibacterial mechanism and in vivo efficacy of cladribine against carbapenem-resistant Klebsiella pneumoniae.,5.591503763978282,https://pubmed.ncbi.nlm.nih.gov/42168872/,0
tfidf,7,lung infection fever,5,42174512,Risk factors for neonatal multidrug-resistant Gram-negative bacilli infection in a neonatal intensive care unit in South China: a 5-year clinical analysis.,5.590619938666693,https://pubmed.ncbi.nlm.nih.gov/42174512/,2
tfidf,7,lung infection fever,6,42205716,Life-Threatening Necrotizing Pneumonia in a Pediatric Patient: A Complicated Case From Palestine.,5.421828668800489,https://pubmed.ncbi.nlm.nih.gov/42205716/,1
tfidf,7,lung infection fever,7,42175403,Mycobacterium avium complex pulmonary disease in rheumatoid arthritis-associated interstitial lung disease under non-biologic immunomodulatory therapy: A case report.,4.008678374021763,https://pubmed.ncbi.nlm.nih.gov/42175403/,2
tfidf,7,lung infection fever,8,42198590,"Antiviral Efficacy of the Traditional Chinese Medicine Mixture Yuanzhixingrenheji Against Human Adenovirus-7 In Vitro, In Vivo, and in a Clinical Retrospective Study.",3.921123646442074,https://pubmed.ncbi.nlm.nih.gov/42198590/,0
tfidf,7,lung infection fever,9,42211619,Pulmonary Mucormycosis Presenting as Rapidly Progressive Cavitary Pneumonia and Lung Abscess in a Patient With Type 2 Diabetes Mellitus and a Solitary Functioning Kidney: A Report of a Rare Case.,3.920664952483853,https://pubmed.ncbi.nlm.nih.gov/42211619/,2
tfidf,7,lung infection fever,10,42186615,Legionnaires' Disease Presenting With Erythema Multiforme in an Immunocompetent Patient.,3.796078939109165,https://pubmed.ncbi.nlm.nih.gov/42186615/,0
tfidf,8,asthma wheezing children,1,42161543,"Association of early-life human rhinovirus and respiratory syncytial virus infections with childhood asthma: a cohort study in Suzhou, China.",12.698394154089724,https://pubmed.ncbi.nlm.nih.gov/42161543/,2
tfidf,8,asthma wheezing children,2,42158373,RSV-infected children with mixed infections: clinical features and early predictive indicators of codetection with Streptococcus pneumoniae and Haemophilus influenzae.,12.112662196328964,https://pubmed.ncbi.nlm.nih.gov/42158373/,2
tfidf,8,asthma wheezing children,3,42194240,Early Risk Stratification for Subsequent Small Airway Dysfunction in Hospitalized Children with Mycoplasma Pneumoniae Pneumonia: A Retrospective Cohort Study.,10.369917970298012,https://pubmed.ncbi.nlm.nih.gov/42194240/,2
tfidf,8,asthma wheezing children,4,42204487,A prospective observational pilot study assessing childhood asthma control in areas with increased urban environmental greenery.,8.562288744555767,https://pubmed.ncbi.nlm.nih.gov/42204487/,2
tfidf,8,asthma wheezing children,5,42188340,Association of Plasma IL-6 with Indoor Radon Exposure in Children with Non-Allergic Asthma.,8.299402443574811,https://pubmed.ncbi.nlm.nih.gov/42188340/,2
tfidf,8,asthma wheezing children,6,42180379,Rental housing may contribute to racial and ethnic disparities in upper respiratory infections.,8.29532399798223,https://pubmed.ncbi.nlm.nih.gov/42180379/,1
tfidf,8,asthma wheezing children,7,42157175,Nutritional status and clinical severity in children with sickle cell disease and confirmed asthma: a multicentre observational study.,8.100120009427119,https://pubmed.ncbi.nlm.nih.gov/42157175/,2
tfidf,8,asthma wheezing children,8,42194236,"Severe Asthma Exacerbations in the Pediatric Intensive Care Unit: Clinical Profile, Management, and Outcomes-Retrospective Study.",8.01810050630076,https://pubmed.ncbi.nlm.nih.gov/42194236/,2
tfidf,8,asthma wheezing children,9,42183282,Paradoxical enrichment of Akkermansia in children with poorly controlled asthma: a longitudinal study.,7.967910094243988,https://pubmed.ncbi.nlm.nih.gov/42183282/,2
tfidf,8,asthma wheezing children,10,42158705,Clinical characteristics and prognostic factors influencing respiratory syncytial virus pneumonia in children with atopy: a retrospective cohort study.,7.696262709981775,https://pubmed.ncbi.nlm.nih.gov/42158705/,2
tfidf,9,respiratory failure oxygen,1,42216363,Effect of integrated nursing on serum inflammatory factors and oxygenation indices in children with severe respiratory failure: A prospective quasi-experimental controlled study.,10.147646445810665,https://pubmed.ncbi.nlm.nih.gov/42216363/,2
tfidf,9,respiratory failure oxygen,2,42195248,Clinical Outcomes and Risk Factors of Healthcare-Associated Infections in Surgical Wards: A Retrospective Cohort Study.,7.735694017650478,https://pubmed.ncbi.nlm.nih.gov/42195248/,0
tfidf,9,respiratory failure oxygen,3,42177124,"Molecular and clinical characterization of human adenovirus type 21 (HAdV-21) associated with respiratory tract infections in hospitalized adults in Hangzhou, China, 2022-2024.",7.516271711173645,https://pubmed.ncbi.nlm.nih.gov/42177124/,2
tfidf,9,respiratory failure oxygen,4,42212111,STAT2 R148 variant: A 16th-century founder mutation and clinical response to high-dose JAK inhibitor therapy.,7.200058487746749,https://pubmed.ncbi.nlm.nih.gov/42212111/,0
tfidf,9,respiratory failure oxygen,5,42194821,"Clinical, Functional, and Comorbid Characteristics of COPD Patients with Impaired Diffusing Capacity: A Cross-Sectional Study.",6.072399416470381,https://pubmed.ncbi.nlm.nih.gov/42194821/,1
tfidf,9,respiratory failure oxygen,6,42195058,"Non-Invasive Respiratory Support in ""De Novo"" Acute Hypoxemic Respiratory Failure: Which Technique Is Best?",5.880067688968891,https://pubmed.ncbi.nlm.nih.gov/42195058/,2
tfidf,9,respiratory failure oxygen,7,42196173,"Diagnostic Usefulness of SP-D, CCL2/MCP-1, and IL-18 in Assessing Respiratory Function and Risk of Pulmonary Fibrosis in COVID-19 Patients.",5.093109707924753,https://pubmed.ncbi.nlm.nih.gov/42196173/,2
tfidf,9,respiratory failure oxygen,8,42186711,Clinical and economic burden of respiratory syncytial virus among adults hospitalised with acute respiratory infections in Portugal.,4.807889822373157,https://pubmed.ncbi.nlm.nih.gov/42186711/,2
tfidf,9,respiratory failure oxygen,9,42193881,Impact of Supplemental Oxygen on Cardiovascular Physiology.,4.656667390987613,https://pubmed.ncbi.nlm.nih.gov/42193881/,2
tfidf,9,respiratory failure oxygen,10,42212304,BAL Flow Cytometry Unmasks Nodal T Follicular Helper Cell Lymphoma-Associated Hemophagocytic Lymphohistiocytosis When Bone Marrow Is Nondiagnostic: A Case Report.,4.4916765989462615,https://pubmed.ncbi.nlm.nih.gov/42212304/,0
tfidf,10,chest pain difficulty breathing,1,42207455,Asthma daytime and nighttime symptom diaries: content validity and qualitative exploration of meaningful change in patients with moderate-to-severe asthma.,10.5760317867067,https://pubmed.ncbi.nlm.nih.gov/42207455/,1
tfidf,10,chest pain difficulty breathing,2,42201061,Task-Evoked Pupillary Dynamics Are Altered in Post-COVID Syndrome.,8.092574833020494,https://pubmed.ncbi.nlm.nih.gov/42201061/,0
tfidf,10,chest pain difficulty breathing,3,42201088,"Spontaneous Pneumomediastinum, Subcutaneous Emphysema, and Pneumoperitoneum in RT-PCR-Confirmed Measles: A Pediatric Case Report.",7.948095934218981,https://pubmed.ncbi.nlm.nih.gov/42201088/,0
tfidf,10,chest pain difficulty breathing,4,42158683,A case report of X-linked agammaglobulinemia complicated with necrotic pneumonia.,5.614867219254827,https://pubmed.ncbi.nlm.nih.gov/42158683/,1
tfidf,10,chest pain difficulty breathing,5,42187468,Low-Effort Respiratory Function Estimation with a Soft Wearable Digital Spirometry Patch.,4.492269924159397,https://pubmed.ncbi.nlm.nih.gov/42187468/,1
tfidf,10,chest pain difficulty breathing,6,42205504,Breath-by-breath: unmasking cardio-respiratory conditions through capnography waveforms - the general breathing record study.,4.344817717744085,https://pubmed.ncbi.nlm.nih.gov/42205504/,2
tfidf,10,chest pain difficulty breathing,7,42157124,"Prevalence, associated factors and treatment prescriptions for community-acquired pneumonia: a cross-sectional study at the largest children's hospital in the Ashanti Region, Ghana.",4.344817717744085,https://pubmed.ncbi.nlm.nih.gov/42157124/,1
tfidf,10,chest pain difficulty breathing,8,42173973,"A randomized controlled trial of adjunctive speleotherapy in asthma, COPD and long COVID.",4.096985513770268,https://pubmed.ncbi.nlm.nih.gov/42173973/,1
tfidf,10,chest pain difficulty breathing,9,42171395,Assessment of childhood pneumonia management and outcomes at primary healthcare centres in Islamabad and Rawalpindi: an observational cohort study from Pakistan.,3.8387761082129015,https://pubmed.ncbi.nlm.nih.gov/42171395/,1
tfidf,10,chest pain difficulty breathing,10,42158133,Effectiveness of traditional Chinese Medicine Breathing-Daoyin Rehabilitation Techniques on lung function and exercise endurance in COPD: a systematic review and meta-analysis.,3.6030693806184377,https://pubmed.ncbi.nlm.nih.gov/42158133/,2
bm25,1,shortness of breath chest tightness,1,42158705,Clinical characteristics and prognostic factors influencing respiratory syncytial virus pneumonia in children with atopy: a retrospective cohort study.,26.15596678524404,https://pubmed.ncbi.nlm.nih.gov/42158705/,2
bm25,1,shortness of breath chest tightness,2,42181381,Atraumatic Transdiaphragmatic Intercostal Hernia Following a Coughing Spell: A Case Report.,23.84996076659311,https://pubmed.ncbi.nlm.nih.gov/42181381/,1
bm25,1,shortness of breath chest tightness,3,42207455,Asthma daytime and nighttime symptom diaries: content validity and qualitative exploration of meaningful change in patients with moderate-to-severe asthma.,17.721159556298133,https://pubmed.ncbi.nlm.nih.gov/42207455/,2
bm25,1,shortness of breath chest tightness,4,42192344,Diagnosis and management of mixed Chlamydia abortus and psittaci pneumonia guided by metagenomic next-generation sequencing: a case report.,16.264896171393783,https://pubmed.ncbi.nlm.nih.gov/42192344/,2
bm25,1,shortness of breath chest tightness,5,42181565,Construction of a nomogram combining CT and serum markers for predicting macrolide resistance gene mutation status in pediatric Mycoplasma pneumoniae pneumonia.,14.299908803467146,https://pubmed.ncbi.nlm.nih.gov/42181565/,2
bm25,1,shortness of breath chest tightness,6,42175403,Mycobacterium avium complex pulmonary disease in rheumatoid arthritis-associated interstitial lung disease under non-biologic immunomodulatory therapy: A case report.,11.655763419271208,https://pubmed.ncbi.nlm.nih.gov/42175403/,1
bm25,1,shortness of breath chest tightness,7,42200999,"Chronic Obstructive Pulmonary Disease and Asthma Among Workers and Residents of Navanakorn Industrial Zone, Thailand.",9.677181631404611,https://pubmed.ncbi.nlm.nih.gov/42200999/,2
bm25,1,shortness of breath chest tightness,8,42158656,"Asthma: onset at young, persist when grow up.",8.39984666075111,https://pubmed.ncbi.nlm.nih.gov/42158656/,1
bm25,1,shortness of breath chest tightness,9,42185817,Inspiratory capacity and inhalation techniques evaluated and training by digital therapy comprehensive management platform in COPD patients.,7.3777980287011875,https://pubmed.ncbi.nlm.nih.gov/42185817/,1
bm25,1,shortness of breath chest tightness,10,42201195,"Fractional Exhaled Nitric Oxide in Children with Non-Cystic Fibrosis Bronchiectasis: Associations with Etiology, Lung Function, and CT Extent.",7.372685922271955,https://pubmed.ncbi.nlm.nih.gov/42201195/,1
bm25,2,persistent cough wheezing asthma,1,42181567,"Association between a four-locus gene model including IL13, IL4, FCER1B, and ADRB2 and asthma outcomes.",14.701829287681225,https://pubmed.ncbi.nlm.nih.gov/42181567/,2
bm25,2,persistent cough wheezing asthma,2,42194236,"Severe Asthma Exacerbations in the Pediatric Intensive Care Unit: Clinical Profile, Management, and Outcomes-Retrospective Study.",14.047337498567575,https://pubmed.ncbi.nlm.nih.gov/42194236/,2
bm25,2,persistent cough wheezing asthma,3,42161543,"Association of early-life human rhinovirus and respiratory syncytial virus infections with childhood asthma: a cohort study in Suzhou, China.",13.701523297880955,https://pubmed.ncbi.nlm.nih.gov/42161543/,2
bm25,2,persistent cough wheezing asthma,4,42158776,Actinomyces graevenitzii Detected in a Case of Endobronchial Actinomycosis Caused by Foreign Body Aspiration: A Case Report.,13.392621026936714,https://pubmed.ncbi.nlm.nih.gov/42158776/,0
bm25,2,persistent cough wheezing asthma,5,42207455,Asthma daytime and nighttime symptom diaries: content validity and qualitative exploration of meaningful change in patients with moderate-to-severe asthma.,12.519439065346624,https://pubmed.ncbi.nlm.nih.gov/42207455/,2
bm25,2,persistent cough wheezing asthma,6,42158656,"Asthma: onset at young, persist when grow up.",12.237307130611269,https://pubmed.ncbi.nlm.nih.gov/42158656/,2
bm25,2,persistent cough wheezing asthma,7,42213688,Assessment of knowledge on self-management and level of asthma control among patients attending a tertiary care center in Nepal: A cross-sectional study.,12.128184059240912,https://pubmed.ncbi.nlm.nih.gov/42213688/,2
bm25,2,persistent cough wheezing asthma,8,42198667,Persistent Olfactory Dysfunction Three Years After COVID-19: A Multicenter Observational Study.,11.27179628466217,https://pubmed.ncbi.nlm.nih.gov/42198667/,0
bm25,2,persistent cough wheezing asthma,9,42181106,Efficacy of Adding Intravenous Methylprednisolone to Nebulized Budesonide in RSV Pneumonia: Modification by Bacterial Co-Infection - A Retrospective Cohort Study.,11.166532536214342,https://pubmed.ncbi.nlm.nih.gov/42181106/,1
bm25,2,persistent cough wheezing asthma,10,42180379,Rental housing may contribute to racial and ethnic disparities in upper respiratory infections.,10.56978378085557,https://pubmed.ncbi.nlm.nih.gov/42180379/,1
bm25,3,fever cough pneumonia,1,42175396,Clinical characteristics and predictors of Mycoplasma pneumoniae pneumonia coinfection with Bordetella pertussis in children.,14.533977908272709,https://pubmed.ncbi.nlm.nih.gov/42175396/,2
bm25,3,fever cough pneumonia,2,42157124,"Prevalence, associated factors and treatment prescriptions for community-acquired pneumonia: a cross-sectional study at the largest children's hospital in the Ashanti Region, Ghana.",9.99854461231086,https://pubmed.ncbi.nlm.nih.gov/42157124/,2
bm25,3,fever cough pneumonia,3,42211166,A case of Nocardia asiatica pneumonia: Relapse caused by trimethoprim-sulfamethoxazole treatment nonadherence.,9.716110986064589,https://pubmed.ncbi.nlm.nih.gov/42211166/,2
bm25,3,fever cough pneumonia,4,42181106,Efficacy of Adding Intravenous Methylprednisolone to Nebulized Budesonide in RSV Pneumonia: Modification by Bacterial Co-Infection - A Retrospective Cohort Study.,9.402376406297872,https://pubmed.ncbi.nlm.nih.gov/42181106/,2
bm25,3,fever cough pneumonia,5,42192344,Diagnosis and management of mixed Chlamydia abortus and psittaci pneumonia guided by metagenomic next-generation sequencing: a case report.,9.373564239305267,https://pubmed.ncbi.nlm.nih.gov/42192344/,2
bm25,3,fever cough pneumonia,6,42158683,A case report of X-linked agammaglobulinemia complicated with necrotic pneumonia.,9.317313918204754,https://pubmed.ncbi.nlm.nih.gov/42158683/,2
bm25,3,fever cough pneumonia,7,42211619,Pulmonary Mucormycosis Presenting as Rapidly Progressive Cavitary Pneumonia and Lung Abscess in a Patient With Type 2 Diabetes Mellitus and a Solitary Functioning Kidney: A Report of a Rare Case.,9.302283087285629,https://pubmed.ncbi.nlm.nih.gov/42211619/,2
bm25,3,fever cough pneumonia,8,42167537,"Severe Psittacosis Complicated by Rhabdomyolysis, Acute Kidney Injury, and Upper Gastrointestinal Hemorrhage: A Case Report.",8.721538107751217,https://pubmed.ncbi.nlm.nih.gov/42167537/,0
bm25,3,fever cough pneumonia,9,42201088,"Spontaneous Pneumomediastinum, Subcutaneous Emphysema, and Pneumoperitoneum in RT-PCR-Confirmed Measles: A Pediatric Case Report.",8.700258925548821,https://pubmed.ncbi.nlm.nih.gov/42201088/,0
bm25,3,fever cough pneumonia,10,42211704,"Genetic and epidemiological characteristics of the spread of human metapneumovirus in Bulgaria, 2023-2025.",8.060542650365594,https://pubmed.ncbi.nlm.nih.gov/42211704/,0
bm25,4,pulmonary fibrosis breathing difficulty,1,42182718,Copanlisib ameliorates pulmonary fibrosis by modulating cellular autophagy through PI3K/Akt/mTORC1 pathway.,14.996114382395817,https://pubmed.ncbi.nlm.nih.gov/42182718/,2
bm25,4,pulmonary fibrosis breathing difficulty,2,42204838,Multi-omics reveals a novel Cxcr4(+) subpopulation of alveolar macrophages and therapeutic effect of AMD3100 in mice with advanced silicosis.,14.515617092266826,https://pubmed.ncbi.nlm.nih.gov/42204838/,0
bm25,4,pulmonary fibrosis breathing difficulty,3,42195070,Holistic Management of Pulmonary Fibrosis: A Comprehensive Review.,13.468756788529117,https://pubmed.ncbi.nlm.nih.gov/42195070/,2
bm25,4,pulmonary fibrosis breathing difficulty,4,42179136,Salvianolic Acid B Inhibited LH2 Expression to Reduce Collagen Synthesis in Pulmonary Fibrosis.,12.822796205595909,https://pubmed.ncbi.nlm.nih.gov/42179136/,2
bm25,4,pulmonary fibrosis breathing difficulty,5,42174588,Doublecortin-like kinase 1 promotes fibroblast activation and fibrotic progression through Smad3 binding in idiopathic pulmonary fibrosis.,12.752476589720493,https://pubmed.ncbi.nlm.nih.gov/42174588/,2
bm25,4,pulmonary fibrosis breathing difficulty,6,42196173,"Diagnostic Usefulness of SP-D, CCL2/MCP-1, and IL-18 in Assessing Respiratory Function and Risk of Pulmonary Fibrosis in COVID-19 Patients.",12.743431013525903,https://pubmed.ncbi.nlm.nih.gov/42196173/,2
bm25,4,pulmonary fibrosis breathing difficulty,7,42198516,MFN2 Overexpression Attenuates Coal Dust-Induced Pulmonary Fibrosis by Modulating MAMs Integrity and Cell Apoptosis.,12.659741166721144,https://pubmed.ncbi.nlm.nih.gov/42198516/,2
bm25,4,pulmonary fibrosis breathing difficulty,8,42183153,Mapping cellular and ECM heterogeneity in pulmonary fibrosis - insights from recent spatiomics studies.,12.615543978398936,https://pubmed.ncbi.nlm.nih.gov/42183153/,2
bm25,4,pulmonary fibrosis breathing difficulty,9,42173361,Targeting myofibroblast copper vulnerability reverses pulmonary fibrosis via METTL3-directed STAT6 m6A driving cuproptosis.,12.53297508146931,https://pubmed.ncbi.nlm.nih.gov/42173361/,2
bm25,4,pulmonary fibrosis breathing difficulty,10,42207587,miR-205-5p promotes endothelial dysfunction and senescence in pulmonary fibrosis.,12.49155445301679,https://pubmed.ncbi.nlm.nih.gov/42207587/,2
bm25,5,COPD chronic cough,1,42157039,Clinical and phenotypic characteristics of chronic cough patients without sputum eosinophilia.,25.03034384136912,https://pubmed.ncbi.nlm.nih.gov/42157039/,2
bm25,5,COPD chronic cough,2,42182805,A pilot study on the relationship between temperature and humidity and the detection of basidiomycetes in sputum from patients with chronic cough in the Nagasaki region.,18.778562591624453,https://pubmed.ncbi.nlm.nih.gov/42182805/,2
bm25,5,COPD chronic cough,3,42182777,"Rapid decline in lung function is associated with more chronic respiratory symptoms, more severe small airway dysfunction and lung structural changes.",16.290957463638772,https://pubmed.ncbi.nlm.nih.gov/42182777/,2
bm25,5,COPD chronic cough,4,42199172,Program-Specific Podcasting as a Supplemental Learning Tool for Subspecialty Fellows.,15.988094524982408,https://pubmed.ncbi.nlm.nih.gov/42199172/,0
bm25,5,COPD chronic cough,5,42180826,The possible mechanisms linking chronic obstructive pulmonary disease and coronary atherosclerosis based on coronary computed tomography angiography and animal experiments.,10.303101823816318,https://pubmed.ncbi.nlm.nih.gov/42180826/,2
bm25,5,COPD chronic cough,6,42204658,"Impact of CKD and COPD co-existence on mortality, vascular dementia, and Alzheimer's dementia; a comparative cohort study.",10.276454801897367,https://pubmed.ncbi.nlm.nih.gov/42204658/,2
bm25,5,COPD chronic cough,7,42182791,Lung cancer incidence and risk factors in chronic obstructive pulmonary disease: a systematic review and meta-analysis of cohort studies.,10.199625074316296,https://pubmed.ncbi.nlm.nih.gov/42182791/,2
bm25,5,COPD chronic cough,8,42182741,Associations between physical activity and mortality in chronic obstructive pulmonary disease population with comorbidities: a prospective cohort.,10.11542418572433,https://pubmed.ncbi.nlm.nih.gov/42182741/,2
bm25,5,COPD chronic cough,9,42196196,Characteristics of Gut Microbiota in Patients with Chronic Obstructive Pulmonary Disease Based on Metagenomics and Metabolomics.,10.044236944163828,https://pubmed.ncbi.nlm.nih.gov/42196196/,2
bm25,5,COPD chronic cough,10,42199875,Genetically Predicted Use of Common Analgesics and Risk of Chronic Obstructive Pulmonary Disease: A Bidirectional Mendelian Randomization Study.,9.92979647930924,https://pubmed.ncbi.nlm.nih.gov/42199875/,2
bm25,6,bronchitis mucus cough,1,42158776,Actinomyces graevenitzii Detected in a Case of Endobronchial Actinomycosis Caused by Foreign Body Aspiration: A Case Report.,9.665077859674517,https://pubmed.ncbi.nlm.nih.gov/42158776/,0
bm25,6,bronchitis mucus cough,2,42198355,Mucoactive Agents in Muco-Obstructive Lung Diseases: A Critical Reappraisal of Pharmacological Effects and Clinical Outcomes.,8.727675216235575,https://pubmed.ncbi.nlm.nih.gov/42198355/,1
bm25,6,bronchitis mucus cough,3,42211166,A case of Nocardia asiatica pneumonia: Relapse caused by trimethoprim-sulfamethoxazole treatment nonadherence.,8.725470255245545,https://pubmed.ncbi.nlm.nih.gov/42211166/,1
bm25,6,bronchitis mucus cough,4,42164058,"Small Airway Disease in Pre-COPD and Early COPD: Insights Into the Pulmonary ""Silent Zone"".",8.662070054350554,https://pubmed.ncbi.nlm.nih.gov/42164058/,1
bm25,6,bronchitis mucus cough,5,42180443,"The impacts of air pollution on daily hospitalizations for acute bronchitis in children: a perspective from the coastal city of Shantou, China.",8.180662083548983,https://pubmed.ncbi.nlm.nih.gov/42180443/,2
bm25,6,bronchitis mucus cough,6,42176270,FOXA1-mediated CEPT1 deficiency in airway epithelium drives asthma via an ER stress-mitochondrial dysfunction axis.,7.232327639151489,https://pubmed.ncbi.nlm.nih.gov/42176270/,1
bm25,6,bronchitis mucus cough,7,42166638,Impaired mucociliary clearance in bronchiectasis: the result of a differentiation-delayed airway epithelium?,7.004907375049228,https://pubmed.ncbi.nlm.nih.gov/42166638/,1
bm25,6,bronchitis mucus cough,8,42157039,Clinical and phenotypic characteristics of chronic cough patients without sputum eosinophilia.,6.974170336773921,https://pubmed.ncbi.nlm.nih.gov/42157039/,2
bm25,6,bronchitis mucus cough,9,42182805,A pilot study on the relationship between temperature and humidity and the detection of basidiomycetes in sputum from patients with chronic cough in the Nagasaki region.,6.799706022143583,https://pubmed.ncbi.nlm.nih.gov/42182805/,2
bm25,6,bronchitis mucus cough,10,42211704,"Genetic and epidemiological characteristics of the spread of human metapneumovirus in Bulgaria, 2023-2025.",6.74308517924855,https://pubmed.ncbi.nlm.nih.gov/42211704/,0
bm25,7,lung infection fever,1,42157123,Predicting societal risk factors for respiratory co-infections: a cross-sectional study based on multi-source fever clinic data.,12.929811721950104,https://pubmed.ncbi.nlm.nih.gov/42157123/,2
bm25,7,lung infection fever,2,42174512,Risk factors for neonatal multidrug-resistant Gram-negative bacilli infection in a neonatal intensive care unit in South China: a 5-year clinical analysis.,12.437380348760112,https://pubmed.ncbi.nlm.nih.gov/42174512/,2
bm25,7,lung infection fever,3,42175396,Clinical characteristics and predictors of Mycoplasma pneumoniae pneumonia coinfection with Bordetella pertussis in children.,12.404799626314745,https://pubmed.ncbi.nlm.nih.gov/42175396/,1
bm25,7,lung infection fever,4,42157124,"Prevalence, associated factors and treatment prescriptions for community-acquired pneumonia: a cross-sectional study at the largest children's hospital in the Ashanti Region, Ghana.",11.9841815924553,https://pubmed.ncbi.nlm.nih.gov/42157124/,1
bm25,7,lung infection fever,5,42211619,Pulmonary Mucormycosis Presenting as Rapidly Progressive Cavitary Pneumonia and Lung Abscess in a Patient With Type 2 Diabetes Mellitus and a Solitary Functioning Kidney: A Report of a Rare Case.,11.7843565519176,https://pubmed.ncbi.nlm.nih.gov/42211619/,2
bm25,7,lung infection fever,6,42205716,Life-Threatening Necrotizing Pneumonia in a Pediatric Patient: A Complicated Case From Palestine.,11.775395599931034,https://pubmed.ncbi.nlm.nih.gov/42205716/,1
bm25,7,lung infection fever,7,42164197,Beyond the Lungs: A Rare Case of Klebsiella pneumoniae Meningitis.,11.328592495055434,https://pubmed.ncbi.nlm.nih.gov/42164197/,0
bm25,7,lung infection fever,8,42198590,"Antiviral Efficacy of the Traditional Chinese Medicine Mixture Yuanzhixingrenheji Against Human Adenovirus-7 In Vitro, In Vivo, and in a Clinical Retrospective Study.",10.91800989092152,https://pubmed.ncbi.nlm.nih.gov/42198590/,0
bm25,7,lung infection fever,9,42168872,Antibacterial mechanism and in vivo efficacy of cladribine against carbapenem-resistant Klebsiella pneumoniae.,10.613337302149246,https://pubmed.ncbi.nlm.nih.gov/42168872/,0
bm25,7,lung infection fever,10,42175403,Mycobacterium avium complex pulmonary disease in rheumatoid arthritis-associated interstitial lung disease under non-biologic immunomodulatory therapy: A case report.,10.380398975244368,https://pubmed.ncbi.nlm.nih.gov/42175403/,2
bm25,8,asthma wheezing children,1,42161543,"Association of early-life human rhinovirus and respiratory syncytial virus infections with childhood asthma: a cohort study in Suzhou, China.",21.254493462022573,https://pubmed.ncbi.nlm.nih.gov/42161543/,2
bm25,8,asthma wheezing children,2,42180379,Rental housing may contribute to racial and ethnic disparities in upper respiratory infections.,16.853877486911358,https://pubmed.ncbi.nlm.nih.gov/42180379/,1
bm25,8,asthma wheezing children,3,42204487,A prospective observational pilot study assessing childhood asthma control in areas with increased urban environmental greenery.,16.546519757048525,https://pubmed.ncbi.nlm.nih.gov/42204487/,2
bm25,8,asthma wheezing children,4,42194153,"Factors Influencing Asthma in Children at Early Childhood Development Centres in a Densely Populated Urban Informal Township in Gauteng Province, South Africa.",16.339409438566584,https://pubmed.ncbi.nlm.nih.gov/42194153/,2
bm25,8,asthma wheezing children,5,42158373,RSV-infected children with mixed infections: clinical features and early predictive indicators of codetection with Streptococcus pneumoniae and Haemophilus influenzae.,16.16602101753568,https://pubmed.ncbi.nlm.nih.gov/42158373/,2
bm25,8,asthma wheezing children,6,42183282,Paradoxical enrichment of Akkermansia in children with poorly controlled asthma: a longitudinal study.,16.11995607744958,https://pubmed.ncbi.nlm.nih.gov/42183282/,2
bm25,8,asthma wheezing children,7,42188340,Association of Plasma IL-6 with Indoor Radon Exposure in Children with Non-Allergic Asthma.,15.942054676362494,https://pubmed.ncbi.nlm.nih.gov/42188340/,2
bm25,8,asthma wheezing children,8,42157175,Nutritional status and clinical severity in children with sickle cell disease and confirmed asthma: a multicentre observational study.,15.8324932514865,https://pubmed.ncbi.nlm.nih.gov/42157175/,2
bm25,8,asthma wheezing children,9,42175507,The association between asthma and ADHD in children and adolescents: An observational study and a meta-analysis of Mendelian randomization studies.,15.802103393173098,https://pubmed.ncbi.nlm.nih.gov/42175507/,2
bm25,8,asthma wheezing children,10,42188042,A Multi-Omics Approach Uncovers Divergent Mechanisms of Asthma in Normal Weight and Obese Children.,15.672296021345591,https://pubmed.ncbi.nlm.nih.gov/42188042/,2
bm25,9,respiratory failure oxygen,1,42216363,Effect of integrated nursing on serum inflammatory factors and oxygenation indices in children with severe respiratory failure: A prospective quasi-experimental controlled study.,14.540682305977596,https://pubmed.ncbi.nlm.nih.gov/42216363/,2
bm25,9,respiratory failure oxygen,2,42212111,STAT2 R148 variant: A 16th-century founder mutation and clinical response to high-dose JAK inhibitor therapy.,12.947170128836447,https://pubmed.ncbi.nlm.nih.gov/42212111/,0
bm25,9,respiratory failure oxygen,3,42177124,"Molecular and clinical characterization of human adenovirus type 21 (HAdV-21) associated with respiratory tract infections in hospitalized adults in Hangzhou, China, 2022-2024.",12.19240230484032,https://pubmed.ncbi.nlm.nih.gov/42177124/,2
bm25,9,respiratory failure oxygen,4,42195058,"Non-Invasive Respiratory Support in ""De Novo"" Acute Hypoxemic Respiratory Failure: Which Technique Is Best?",11.545338122840374,https://pubmed.ncbi.nlm.nih.gov/42195058/,2
bm25,9,respiratory failure oxygen,5,42195248,Clinical Outcomes and Risk Factors of Healthcare-Associated Infections in Surgical Wards: A Retrospective Cohort Study.,11.514818475570578,https://pubmed.ncbi.nlm.nih.gov/42195248/,0
bm25,9,respiratory failure oxygen,6,42212304,BAL Flow Cytometry Unmasks Nodal T Follicular Helper Cell Lymphoma-Associated Hemophagocytic Lymphohistiocytosis When Bone Marrow Is Nondiagnostic: A Case Report.,10.18361522405814,https://pubmed.ncbi.nlm.nih.gov/42212304/,0
bm25,9,respiratory failure oxygen,7,42194821,"Clinical, Functional, and Comorbid Characteristics of COPD Patients with Impaired Diffusing Capacity: A Cross-Sectional Study.",10.002728915091788,https://pubmed.ncbi.nlm.nih.gov/42194821/,1
bm25,9,respiratory failure oxygen,8,42161595,Breaking with convention: the role of lymphocytes in IPF.,9.299079999927402,https://pubmed.ncbi.nlm.nih.gov/42161595/,0
bm25,9,respiratory failure oxygen,9,42186711,Clinical and economic burden of respiratory syncytial virus among adults hospitalised with acute respiratory infections in Portugal.,9.187200263351269,https://pubmed.ncbi.nlm.nih.gov/42186711/,2
bm25,9,respiratory failure oxygen,10,42196173,"Diagnostic Usefulness of SP-D, CCL2/MCP-1, and IL-18 in Assessing Respiratory Function and Risk of Pulmonary Fibrosis in COVID-19 Patients.",9.186355436552638,https://pubmed.ncbi.nlm.nih.gov/42196173/,2
bm25,10,chest pain difficulty breathing,1,42207455,Asthma daytime and nighttime symptom diaries: content validity and qualitative exploration of meaningful change in patients with moderate-to-severe asthma.,20.577913484109065,https://pubmed.ncbi.nlm.nih.gov/42207455/,1
bm25,10,chest pain difficulty breathing,2,42201088,"Spontaneous Pneumomediastinum, Subcutaneous Emphysema, and Pneumoperitoneum in RT-PCR-Confirmed Measles: A Pediatric Case Report.",19.18636548179045,https://pubmed.ncbi.nlm.nih.gov/42201088/,0
bm25,10,chest pain difficulty breathing,3,42158683,A case report of X-linked agammaglobulinemia complicated with necrotic pneumonia.,13.05501291970384,https://pubmed.ncbi.nlm.nih.gov/42158683/,1
bm25,10,chest pain difficulty breathing,4,42187468,Low-Effort Respiratory Function Estimation with a Soft Wearable Digital Spirometry Patch.,10.668975008955922,https://pubmed.ncbi.nlm.nih.gov/42187468/,1
bm25,10,chest pain difficulty breathing,5,42205504,Breath-by-breath: unmasking cardio-respiratory conditions through capnography waveforms - the general breathing record study.,10.461322584898266,https://pubmed.ncbi.nlm.nih.gov/42205504/,2
bm25,10,chest pain difficulty breathing,6,42201061,Task-Evoked Pupillary Dynamics Are Altered in Post-COVID Syndrome.,10.26763036401534,https://pubmed.ncbi.nlm.nih.gov/42201061/,0
bm25,10,chest pain difficulty breathing,7,42171395,Assessment of childhood pneumonia management and outcomes at primary healthcare centres in Islamabad and Rawalpindi: an observational cohort study from Pakistan.,9.04543300629001,https://pubmed.ncbi.nlm.nih.gov/42171395/,1
bm25,10,chest pain difficulty breathing,8,42181381,Atraumatic Transdiaphragmatic Intercostal Hernia Following a Coughing Spell: A Case Report.,8.514137323590685,https://pubmed.ncbi.nlm.nih.gov/42181381/,1
bm25,10,chest pain difficulty breathing,9,42211619,Pulmonary Mucormycosis Presenting as Rapidly Progressive Cavitary Pneumonia and Lung Abscess in a Patient With Type 2 Diabetes Mellitus and a Solitary Functioning Kidney: A Report of a Rare Case.,8.2890111874881,https://pubmed.ncbi.nlm.nih.gov/42211619/,1
bm25,10,chest pain difficulty breathing,10,42194610,An Overview of Meta-Analyses on the Surgical Stabilization of Rib Fractures in Adults: A Narrative Umbrella Review (2020-2025).,7.987645746308713,https://pubmed.ncbi.nlm.nih.gov/42194610/,0
expanded,1,shortness of breath chest tightness,1,42158705,Clinical characteristics and prognostic factors influencing respiratory syncytial virus pneumonia in children with atopy: a retrospective cohort study.,13.985863247521912,https://pubmed.ncbi.nlm.nih.gov/42158705/,2
expanded,1,shortness of breath chest tightness,2,42207455,Asthma daytime and nighttime symptom diaries: content validity and qualitative exploration of meaningful change in patients with moderate-to-severe asthma.,8.273274138385762,https://pubmed.ncbi.nlm.nih.gov/42207455/,2
expanded,1,shortness of breath chest tightness,3,42181381,Atraumatic Transdiaphragmatic Intercostal Hernia Following a Coughing Spell: A Case Report.,6.808498005634011,https://pubmed.ncbi.nlm.nih.gov/42181381/,1
expanded,1,shortness of breath chest tightness,4,42192344,Diagnosis and management of mixed Chlamydia abortus and psittaci pneumonia guided by metagenomic next-generation sequencing: a case report.,6.159189222125667,https://pubmed.ncbi.nlm.nih.gov/42192344/,2
expanded,1,shortness of breath chest tightness,5,42181442,Thoracic Imaging Findings in Systemic Lupus Erythematosus.,6.11405584567692,https://pubmed.ncbi.nlm.nih.gov/42181442/,0
expanded,1,shortness of breath chest tightness,6,42163989,"Quantitative assessment of thoracic morphometry in interstitial lung diseases: a CT-based comparison of nonspecific interstitial pneumonia, usual interstitial pneumonia, and healthy control.",6.093268100734674,https://pubmed.ncbi.nlm.nih.gov/42163989/,2
expanded,1,shortness of breath chest tightness,7,42175403,Mycobacterium avium complex pulmonary disease in rheumatoid arthritis-associated interstitial lung disease under non-biologic immunomodulatory therapy: A case report.,6.031872401067267,https://pubmed.ncbi.nlm.nih.gov/42175403/,1
expanded,1,shortness of breath chest tightness,8,42181565,Construction of a nomogram combining CT and serum markers for predicting macrolide resistance gene mutation status in pediatric Mycoplasma pneumoniae pneumonia.,4.784391398118825,https://pubmed.ncbi.nlm.nih.gov/42181565/,2
expanded,1,shortness of breath chest tightness,9,42185817,Inspiratory capacity and inhalation techniques evaluated and training by digital therapy comprehensive management platform in COPD patients.,4.162154000311541,https://pubmed.ncbi.nlm.nih.gov/42185817/,1
expanded,1,shortness of breath chest tightness,10,42207578,"A case series of 21 adult cows with acute infectious bronchopneumonia: clinical, laboratory, and thoracic ultrasonographic findings.",4.078692248219893,https://pubmed.ncbi.nlm.nih.gov/42207578/,0
expanded,2,persistent cough wheezing asthma,1,42194153,"Factors Influencing Asthma in Children at Early Childhood Development Centres in a Densely Populated Urban Informal Township in Gauteng Province, South Africa.",9.70472513240191,https://pubmed.ncbi.nlm.nih.gov/42194153/,2
expanded,2,persistent cough wheezing asthma,2,42158656,"Asthma: onset at young, persist when grow up.",6.422501965971295,https://pubmed.ncbi.nlm.nih.gov/42158656/,2
expanded,2,persistent cough wheezing asthma,3,42169113,Qingre Runzao oral liquid and its key compound ophiopogonin D inhibit CXCL9 and block CXCL9/CXCR3 axis to ameliorate asthma by suppressing RAS/ERK pathway.,5.890319485168696,https://pubmed.ncbi.nlm.nih.gov/42169113/,2
expanded,2,persistent cough wheezing asthma,4,42170446,Efficacy and immune-inflammatory modulation of combined glucocorticoid and anti-tuberculosis therapy in patients with bronchial asthma and pulmonary tuberculosis.,5.85078987286515,https://pubmed.ncbi.nlm.nih.gov/42170446/,2
expanded,2,persistent cough wheezing asthma,5,42193062,"Advances in the Association Between the ADRB2 Gene and Bronchial Asthma: Genetic Polymorphisms, Epigenetic Regulation, and Clinical Applications.",5.761276212269914,https://pubmed.ncbi.nlm.nih.gov/42193062/,2
expanded,2,persistent cough wheezing asthma,6,42179757,"Trends in the prevalence of childhood allergic diseases in Japan: Comparison of surveys conducted in 1982, 1992, 2002, 2012, and 2022 (WJSAAC phase I-V).",5.5630679736241975,https://pubmed.ncbi.nlm.nih.gov/42179757/,0
expanded,2,persistent cough wheezing asthma,7,42158358,"Safety and Efficacy of Nebulized Inhalation of Polymyxin B Sulfate for Carbapenem-Resistant Gram-Negative Bacterial Pneumonia: A Multi-Center, Prospective, Observational Study.",5.144737005263874,https://pubmed.ncbi.nlm.nih.gov/42158358/,1
expanded,2,persistent cough wheezing asthma,8,42212432,Comparison of Serum TARC Levels at Term-Equivalent Age Between Preterm and Term Infants.,5.001371477980397,https://pubmed.ncbi.nlm.nih.gov/42212432/,0
expanded,2,persistent cough wheezing asthma,9,42161543,"Association of early-life human rhinovirus and respiratory syncytial virus infections with childhood asthma: a cohort study in Suzhou, China.",4.445980716693779,https://pubmed.ncbi.nlm.nih.gov/42161543/,2
expanded,2,persistent cough wheezing asthma,10,42194236,"Severe Asthma Exacerbations in the Pediatric Intensive Care Unit: Clinical Profile, Management, and Outcomes-Retrospective Study.",4.030137555506374,https://pubmed.ncbi.nlm.nih.gov/42194236/,2
expanded,3,fever cough pneumonia,1,42182805,A pilot study on the relationship between temperature and humidity and the detection of basidiomycetes in sputum from patients with chronic cough in the Nagasaki region.,9.73292401673248,https://pubmed.ncbi.nlm.nih.gov/42182805/,2
expanded,3,fever cough pneumonia,2,42164886,Temperature Variability and Chronic Obstructive Pulmonary Disease: The China Pulmonary Health Study.,8.147809554928704,https://pubmed.ncbi.nlm.nih.gov/42164886/,2
expanded,3,fever cough pneumonia,3,42181381,Atraumatic Transdiaphragmatic Intercostal Hernia Following a Coughing Spell: A Case Report.,7.970669350721648,https://pubmed.ncbi.nlm.nih.gov/42181381/,1
expanded,3,fever cough pneumonia,4,42198639,Epidemiological Analysis of Environmental Factors Affecting Porcine Pleuropneumonia in a Herd Endemic for Actinobacillus pleuropneumoniae.,6.206898506879174,https://pubmed.ncbi.nlm.nih.gov/42198639/,0
expanded,3,fever cough pneumonia,5,42180475,Impact of atmospheric NO(2) on pediatric asthma visits in Jinan: effect modification by season and apparent temperature.,5.542991981441041,https://pubmed.ncbi.nlm.nih.gov/42180475/,1
expanded,3,fever cough pneumonia,6,42198771,Wastewater-Based Surveillance of SARS-CoV-2 for Early Warning of COVID-19 Infection Dynamics.,5.333859175438166,https://pubmed.ncbi.nlm.nih.gov/42198771/,2
expanded,3,fever cough pneumonia,7,42169007,Baicalein mitigates epithelial barrier impairment and microbiota dysbiosis in allergic asthmatic mice via the gut‑lung axis.,5.085839431697726,https://pubmed.ncbi.nlm.nih.gov/42169007/,1
expanded,3,fever cough pneumonia,8,42207578,"A case series of 21 adult cows with acute infectious bronchopneumonia: clinical, laboratory, and thoracic ultrasonographic findings.",4.707605719241517,https://pubmed.ncbi.nlm.nih.gov/42207578/,0
expanded,3,fever cough pneumonia,9,42158656,"Asthma: onset at young, persist when grow up.",4.707605719241517,https://pubmed.ncbi.nlm.nih.gov/42158656/,1
expanded,3,fever cough pneumonia,10,42175396,Clinical characteristics and predictors of Mycoplasma pneumoniae pneumonia coinfection with Bordetella pertussis in children.,4.643218182139051,https://pubmed.ncbi.nlm.nih.gov/42175396/,2
expanded,4,pulmonary fibrosis breathing difficulty,1,42207587,miR-205-5p promotes endothelial dysfunction and senescence in pulmonary fibrosis.,8.565655758799103,https://pubmed.ncbi.nlm.nih.gov/42207587/,2
expanded,4,pulmonary fibrosis breathing difficulty,2,42201061,Task-Evoked Pupillary Dynamics Are Altered in Post-COVID Syndrome.,8.107978407329552,https://pubmed.ncbi.nlm.nih.gov/42201061/,0
expanded,4,pulmonary fibrosis breathing difficulty,3,42183153,Mapping cellular and ECM heterogeneity in pulmonary fibrosis - insights from recent spatiomics studies.,7.227951396220023,https://pubmed.ncbi.nlm.nih.gov/42183153/,2
expanded,4,pulmonary fibrosis breathing difficulty,4,42182718,Copanlisib ameliorates pulmonary fibrosis by modulating cellular autophagy through PI3K/Akt/mTORC1 pathway.,6.386427426895972,https://pubmed.ncbi.nlm.nih.gov/42182718/,2
expanded,4,pulmonary fibrosis breathing difficulty,5,42154525,MRC2-mediated collagen internalization is reduced in fibrotic lung fibroblasts and increased upon phenotypic dedifferentiation.,5.67977544425821,https://pubmed.ncbi.nlm.nih.gov/42154525/,1
expanded,4,pulmonary fibrosis breathing difficulty,6,42174588,Doublecortin-like kinase 1 promotes fibroblast activation and fibrotic progression through Smad3 binding in idiopathic pulmonary fibrosis.,5.591819522387777,https://pubmed.ncbi.nlm.nih.gov/42174588/,2
expanded,4,pulmonary fibrosis breathing difficulty,7,42204838,Multi-omics reveals a novel Cxcr4(+) subpopulation of alveolar macrophages and therapeutic effect of AMD3100 in mice with advanced silicosis.,5.5385064977902,https://pubmed.ncbi.nlm.nih.gov/42204838/,0
expanded,4,pulmonary fibrosis breathing difficulty,8,42210244,Exploring the role of RCEO in macrophage-mediated modulation of pulmonary fibrosis.,5.263172162954196,https://pubmed.ncbi.nlm.nih.gov/42210244/,2
expanded,4,pulmonary fibrosis breathing difficulty,9,42196173,"Diagnostic Usefulness of SP-D, CCL2/MCP-1, and IL-18 in Assessing Respiratory Function and Risk of Pulmonary Fibrosis in COVID-19 Patients.",5.082423321724233,https://pubmed.ncbi.nlm.nih.gov/42196173/,2
expanded,4,pulmonary fibrosis breathing difficulty,10,42206677,ZNF469 drives TGF-beta1/SMAD3-mediated extracellular matrix regulation in pulmonary fibrosis.,4.834583732465139,https://pubmed.ncbi.nlm.nih.gov/42206677/,2
expanded,5,COPD chronic cough,1,42157039,Clinical and phenotypic characteristics of chronic cough patients without sputum eosinophilia.,15.156544636076024,https://pubmed.ncbi.nlm.nih.gov/42157039/,2
expanded,5,COPD chronic cough,2,42182805,A pilot study on the relationship between temperature and humidity and the detection of basidiomycetes in sputum from patients with chronic cough in the Nagasaki region.,10.95679497492663,https://pubmed.ncbi.nlm.nih.gov/42182805/,2
expanded,5,COPD chronic cough,3,42182777,"Rapid decline in lung function is associated with more chronic respiratory symptoms, more severe small airway dysfunction and lung structural changes.",8.394119579760154,https://pubmed.ncbi.nlm.nih.gov/42182777/,2
expanded,5,COPD chronic cough,4,42199172,Program-Specific Podcasting as a Supplemental Learning Tool for Subspecialty Fellows.,6.168259397612212,https://pubmed.ncbi.nlm.nih.gov/42199172/,0
expanded,5,COPD chronic cough,5,42181381,Atraumatic Transdiaphragmatic Intercostal Hernia Following a Coughing Spell: A Case Report.,5.339605690913528,https://pubmed.ncbi.nlm.nih.gov/42181381/,1
expanded,5,COPD chronic cough,6,42180826,The possible mechanisms linking chronic obstructive pulmonary disease and coronary atherosclerosis based on coronary computed tomography angiography and animal experiments.,4.772738821146041,https://pubmed.ncbi.nlm.nih.gov/42180826/,2
expanded,5,COPD chronic cough,7,42163317,"Cardiorespiratory fitness, genetic susceptibility, and the risk of chronic obstructive pulmonary disease: findings from observational and two-sample bidirectional Mendelian randomisation analyses.",4.582396830131912,https://pubmed.ncbi.nlm.nih.gov/42163317/,2
expanded,5,COPD chronic cough,8,42201045,Metabolic Syndrome Is Associated with Greater Symptom Burden and Comorbidity in Chronic Obstructive Pulmonary Disease: A Secondary Analysis of the Serbian COPD Registry.,4.5379023240700365,https://pubmed.ncbi.nlm.nih.gov/42201045/,2
expanded,5,COPD chronic cough,9,42180802,Genetic and Molecular Interconnections Between Chronic Obstructive Pulmonary Disease and Osteoporosis: Insights from Single-Cell and Mendelian Randomization Analyses.,4.515210134419801,https://pubmed.ncbi.nlm.nih.gov/42180802/,2
expanded,5,COPD chronic cough,10,42182628,Global trends and research hotspots in pulmonary rehabilitation for chronic obstructive pulmonary disease: a bibliometric analysis (2000-2024).,4.471316928740507,https://pubmed.ncbi.nlm.nih.gov/42182628/,2
expanded,6,bronchitis mucus cough,1,42181381,Atraumatic Transdiaphragmatic Intercostal Hernia Following a Coughing Spell: A Case Report.,8.883705550973989,https://pubmed.ncbi.nlm.nih.gov/42181381/,1
expanded,6,bronchitis mucus cough,2,42176270,FOXA1-mediated CEPT1 deficiency in airway epithelium drives asthma via an ER stress-mitochondrial dysfunction axis.,7.459799555571418,https://pubmed.ncbi.nlm.nih.gov/42176270/,1
expanded,6,bronchitis mucus cough,3,42198355,Mucoactive Agents in Muco-Obstructive Lung Diseases: A Critical Reappraisal of Pharmacological Effects and Clinical Outcomes.,6.629781747470299,https://pubmed.ncbi.nlm.nih.gov/42198355/,1
expanded,6,bronchitis mucus cough,4,42157303,Recombinant Echinococcus granulosus myophilin alleviates airway inflammation in mice with ovalbumin-induced allergic asthma via the gut microbiota-metabolite-immune axis.,6.528039599737504,https://pubmed.ncbi.nlm.nih.gov/42157303/,1
expanded,6,bronchitis mucus cough,5,42193150,Pneumocystis Colonization Is Associated with Enhanced Pulmonary Remodeling and Activation of Redox-Responsive Pathways in a COPD Experimental Model.,6.503601962633564,https://pubmed.ncbi.nlm.nih.gov/42193150/,1
expanded,6,bronchitis mucus cough,6,42158656,"Asthma: onset at young, persist when grow up.",6.124091240011185,https://pubmed.ncbi.nlm.nih.gov/42158656/,1
expanded,6,bronchitis mucus cough,7,42165218,Impact of body composition on airway inflammation: analyzing FeNO z-scores in non-asthmatic school-aged children using GAMLSS modeling.,5.751986724355282,https://pubmed.ncbi.nlm.nih.gov/42165218/,1
expanded,6,bronchitis mucus cough,8,42181900,EV-associated non-coding RNAs in paediatric asthma airway remodelling: current mechanistic evidence and therapeutic perspectives.,5.716650354006357,https://pubmed.ncbi.nlm.nih.gov/42181900/,1
expanded,6,bronchitis mucus cough,9,42169749,Deacetyl Ophiopojaponin A ameliorates Asthma by Inhibiting L-Type Calcium Channel Cav2.3 to Reduce Calcium Load in Airway Epithelial Cells.,5.537471335501346,https://pubmed.ncbi.nlm.nih.gov/42169749/,1
expanded,6,bronchitis mucus cough,10,42202638,Cannabichromeorcin targets cathepsin L to alleviate oxidative stress-Driven airway inflammation in severe asthma.,5.253064522184653,https://pubmed.ncbi.nlm.nih.gov/42202638/,1
expanded,7,lung infection fever,1,42164886,Temperature Variability and Chronic Obstructive Pulmonary Disease: The China Pulmonary Health Study.,10.892345960917506,https://pubmed.ncbi.nlm.nih.gov/42164886/,2
expanded,7,lung infection fever,2,42182805,A pilot study on the relationship between temperature and humidity and the detection of basidiomycetes in sputum from patients with chronic cough in the Nagasaki region.,9.594154391655229,https://pubmed.ncbi.nlm.nih.gov/42182805/,1
expanded,7,lung infection fever,3,42198639,Epidemiological Analysis of Environmental Factors Affecting Porcine Pleuropneumonia in a Herd Endemic for Actinobacillus pleuropneumoniae.,8.297651709389012,https://pubmed.ncbi.nlm.nih.gov/42198639/,0
expanded,7,lung infection fever,4,42180475,Impact of atmospheric NO(2) on pediatric asthma visits in Jinan: effect modification by season and apparent temperature.,7.410112609213504,https://pubmed.ncbi.nlm.nih.gov/42180475/,1
expanded,7,lung infection fever,5,42198771,Wastewater-Based Surveillance of SARS-CoV-2 for Early Warning of COVID-19 Infection Dynamics.,7.13053478410555,https://pubmed.ncbi.nlm.nih.gov/42198771/,2
expanded,7,lung infection fever,6,42157123,Predicting societal risk factors for respiratory co-infections: a cross-sectional study based on multi-source fever clinic data.,6.153066717752543,https://pubmed.ncbi.nlm.nih.gov/42157123/,2
expanded,7,lung infection fever,7,42198578,Synergistic Effects of Air Pollutants and Extreme Temperature on Asthma: A Narrative Review of Mechanisms and Evidence.,5.177235039605449,https://pubmed.ncbi.nlm.nih.gov/42198578/,1
expanded,7,lung infection fever,8,42168872,Antibacterial mechanism and in vivo efficacy of cladribine against carbapenem-resistant Klebsiella pneumoniae.,4.746043617922608,https://pubmed.ncbi.nlm.nih.gov/42168872/,0
expanded,7,lung infection fever,9,42205716,Life-Threatening Necrotizing Pneumonia in a Pediatric Patient: A Complicated Case From Palestine.,4.602024148996055,https://pubmed.ncbi.nlm.nih.gov/42205716/,1
expanded,7,lung infection fever,10,42181226,The effect of wildfire air pollution on local hospital admissions in New York.,4.223159695512967,https://pubmed.ncbi.nlm.nih.gov/42181226/,0
expanded,8,asthma wheezing children,1,42194153,"Factors Influencing Asthma in Children at Early Childhood Development Centres in a Densely Populated Urban Informal Township in Gauteng Province, South Africa.",12.841373476703378,https://pubmed.ncbi.nlm.nih.gov/42194153/,2
expanded,8,asthma wheezing children,2,42161543,"Association of early-life human rhinovirus and respiratory syncytial virus infections with childhood asthma: a cohort study in Suzhou, China.",6.788634464641532,https://pubmed.ncbi.nlm.nih.gov/42161543/,2
expanded,8,asthma wheezing children,3,42215885,DCLK1 mediates airway epithelial barrier disruption through NF-kappaB activation in severe asthma.,6.256458866266441,https://pubmed.ncbi.nlm.nih.gov/42215885/,2
expanded,8,asthma wheezing children,4,42158373,RSV-infected children with mixed infections: clinical features and early predictive indicators of codetection with Streptococcus pneumoniae and Haemophilus influenzae.,5.879335292862447,https://pubmed.ncbi.nlm.nih.gov/42158373/,2
expanded,8,asthma wheezing children,5,42169113,Qingre Runzao oral liquid and its key compound ophiopogonin D inhibit CXCL9 and block CXCL9/CXCR3 axis to ameliorate asthma by suppressing RAS/ERK pathway.,5.548201609039772,https://pubmed.ncbi.nlm.nih.gov/42169113/,2
expanded,8,asthma wheezing children,6,42194240,Early Risk Stratification for Subsequent Small Airway Dysfunction in Hospitalized Children with Mycoplasma Pneumoniae Pneumonia: A Retrospective Cohort Study.,5.033428962077347,https://pubmed.ncbi.nlm.nih.gov/42194240/,2
expanded,8,asthma wheezing children,7,42158656,"Asthma: onset at young, persist when grow up.",4.821492460132284,https://pubmed.ncbi.nlm.nih.gov/42158656/,2
expanded,8,asthma wheezing children,8,42204487,A prospective observational pilot study assessing childhood asthma control in areas with increased urban environmental greenery.,4.7654155937691405,https://pubmed.ncbi.nlm.nih.gov/42204487/,2
expanded,8,asthma wheezing children,9,42188340,Association of Plasma IL-6 with Indoor Radon Exposure in Children with Non-Allergic Asthma.,4.653418704684309,https://pubmed.ncbi.nlm.nih.gov/42188340/,2
expanded,8,asthma wheezing children,10,42158358,"Safety and Efficacy of Nebulized Inhalation of Polymyxin B Sulfate for Carbapenem-Resistant Gram-Negative Bacterial Pneumonia: A Multi-Center, Prospective, Observational Study.",4.553642431633162,https://pubmed.ncbi.nlm.nih.gov/42158358/,1
expanded,9,respiratory failure oxygen,1,42216363,Effect of integrated nursing on serum inflammatory factors and oxygenation indices in children with severe respiratory failure: A prospective quasi-experimental controlled study.,8.162958331027422,https://pubmed.ncbi.nlm.nih.gov/42216363/,2
expanded,9,respiratory failure oxygen,2,42201062,Breathing Under Pressure: Psychological Burden and Recovery Trajectories in Patients Receiving Non-Invasive Respiratory Support from Acute COVID-19 to Respiratory Rehabilitation.,6.966051610664247,https://pubmed.ncbi.nlm.nih.gov/42201062/,2
expanded,9,respiratory failure oxygen,3,42158133,Effectiveness of traditional Chinese Medicine Breathing-Daoyin Rehabilitation Techniques on lung function and exercise endurance in COPD: a systematic review and meta-analysis.,6.6421363908279,https://pubmed.ncbi.nlm.nih.gov/42158133/,1
expanded,9,respiratory failure oxygen,4,42173973,"A randomized controlled trial of adjunctive speleotherapy in asthma, COPD and long COVID.",6.6031345827781225,https://pubmed.ncbi.nlm.nih.gov/42173973/,1
expanded,9,respiratory failure oxygen,5,42207714,Short-term prediction of COPD exacerbations based on wearable vital sign monitoring.,6.346559778101886,https://pubmed.ncbi.nlm.nih.gov/42207714/,1
expanded,9,respiratory failure oxygen,6,42195248,Clinical Outcomes and Risk Factors of Healthcare-Associated Infections in Surgical Wards: A Retrospective Cohort Study.,6.222738273831771,https://pubmed.ncbi.nlm.nih.gov/42195248/,0
expanded,9,respiratory failure oxygen,7,42177124,"Molecular and clinical characterization of human adenovirus type 21 (HAdV-21) associated with respiratory tract infections in hospitalized adults in Hangzhou, China, 2022-2024.",6.046230829053011,https://pubmed.ncbi.nlm.nih.gov/42177124/,2
expanded,9,respiratory failure oxygen,8,42212111,STAT2 R148 variant: A 16th-century founder mutation and clinical response to high-dose JAK inhibitor therapy.,5.79186294381601,https://pubmed.ncbi.nlm.nih.gov/42212111/,0
expanded,9,respiratory failure oxygen,9,42188368,Recognition of Obstructive Sleep Apnea: An Exploratory Bayesian Modeling Analysis.,5.465179282945155,https://pubmed.ncbi.nlm.nih.gov/42188368/,0
expanded,9,respiratory failure oxygen,10,42187468,Low-Effort Respiratory Function Estimation with a Soft Wearable Digital Spirometry Patch.,5.427348658244612,https://pubmed.ncbi.nlm.nih.gov/42187468/,2
expanded,10,chest pain difficulty breathing,1,42207455,Asthma daytime and nighttime symptom diaries: content validity and qualitative exploration of meaningful change in patients with moderate-to-severe asthma.,9.516696808061322,https://pubmed.ncbi.nlm.nih.gov/42207455/,1
expanded,10,chest pain difficulty breathing,2,42181442,Thoracic Imaging Findings in Systemic Lupus Erythematosus.,7.534272588789484,https://pubmed.ncbi.nlm.nih.gov/42181442/,0
expanded,10,chest pain difficulty breathing,3,42163989,"Quantitative assessment of thoracic morphometry in interstitial lung diseases: a CT-based comparison of nonspecific interstitial pneumonia, usual interstitial pneumonia, and healthy control.",7.508656117358028,https://pubmed.ncbi.nlm.nih.gov/42163989/,1
expanded,10,chest pain difficulty breathing,4,42201061,Task-Evoked Pupillary Dynamics Are Altered in Post-COVID Syndrome.,7.281992209895326,https://pubmed.ncbi.nlm.nih.gov/42201061/,0
expanded,10,chest pain difficulty breathing,5,42201088,"Spontaneous Pneumomediastinum, Subcutaneous Emphysema, and Pneumoperitoneum in RT-PCR-Confirmed Measles: A Pediatric Case Report.",7.151984859048971,https://pubmed.ncbi.nlm.nih.gov/42201088/,0
expanded,10,chest pain difficulty breathing,6,42158683,A case report of X-linked agammaglobulinemia complicated with necrotic pneumonia.,5.052461076217117,https://pubmed.ncbi.nlm.nih.gov/42158683/,1
expanded,10,chest pain difficulty breathing,7,42207578,"A case series of 21 adult cows with acute infectious bronchopneumonia: clinical, laboratory, and thoracic ultrasonographic findings.",5.026120136864569,https://pubmed.ncbi.nlm.nih.gov/42207578/,0
expanded,10,chest pain difficulty breathing,8,42187468,Low-Effort Respiratory Function Estimation with a Soft Wearable Digital Spirometry Patch.,4.042307333260214,https://pubmed.ncbi.nlm.nih.gov/42187468/,1
expanded,10,chest pain difficulty breathing,9,42205504,Breath-by-breath: unmasking cardio-respiratory conditions through capnography waveforms - the general breathing record study.,3.90962449243347,https://pubmed.ncbi.nlm.nih.gov/42205504/,2
expanded,10,chest pain difficulty breathing,10,42157124,"Prevalence, associated factors and treatment prescriptions for community-acquired pneumonia: a cross-sectional study at the largest children's hospital in the Ashanti Region, Ghana.",3.90962449243347,https://pubmed.ncbi.nlm.nih.gov/42157124/,1
